question,groundtruth_answer,actual_answer,response_time_s,explanation,stars
What are the key differences between `CodeAgent` and `ReactAgent`?,"The key differences between `CodeAgent` and `ReactAgent` are:  
   
1. **Execution Method**:  
   - `CodeAgent`: Executes in one shot. It generates the code to solve the task and executes it all at once.  
   - `ReactAgent`: Operates step by step. Each step consists of one thought, followed by one tool call and execution.  
   
2. **Types of `ReactAgent`**:  
   - `ReactJsonAgent`: Writes its tool calls in JSON.  
   - `ReactCodeAgent`: Writes its tool calls in Python code.   
  
These differences highlight the approach and granularity with which each agent type handles tasks and tool executions.","The key differences between `CodeAgent` and `ReactAgent` are as follows:

1. **Execution Style**:
   - **CodeAgent**: Acts in one shot by generating code to solve the task and then executing it all at once.
   - **ReactAgent**: Acts step by step. Each step involves one thought followed by one tool call and execution.

2. **Implementation**:
   - **ReactAgent** has two specific classes: 
     - **ReactJsonAgent**: Generates tool calls as JSON in its output.
     - **ReactCodeAgent**: Generates tool calls as blobs of code, particularly effective for LLMs with strong coding performance.

In summary, `CodeAgent` processes tasks in a single execution, while `ReactAgent` breaks the task into multiple steps for more granular handling.",3.5443499088287354,"The predicted answer captures the main points of the correct answer, including the execution methods and types of ReactAgent, with only minor variations in wording and details. Therefore, it is mostly similar to the correct answer.",4
How does the `generate` method work in different modalities?,"The `generate` method works differently in various modalities by relying on the specific inputs provided by the model's preprocessor class. The inputs to the `generate` method depend on the model's modality, and they are returned by the model's preprocessor class, such as `AutoTokenizer` or `AutoProcessor`. If a model's preprocessor creates more than one kind of input, all the inputs should be passed to the `generate` method. This ensures that the method can produce appropriate text outputs for different tasks, such as text summarization, image captioning, and audio transcription.","The `generate` method is implemented in different classes for various frameworks as follows:

- In **PyTorch**, the method is implemented in the `generation.GenerationMixin.generate` class.
- In **TensorFlow**, it is implemented in the `generation.TFGenerationMixin.generate` class.
- In **Flax/JAX**, it is implemented in the `generation.FlaxGenerationMixin.generate` class.

Each framework allows the `generate` method to be parameterized using a `generation.GenerationConfig` class instance, which controls the behavior of the generation method.",2.420386791229248,"The predicted answer discusses the implementation details of the 'generate' method in different frameworks, while the correct answer focuses on how the method works differently based on modality and input types. Although both answers relate to the 'generate' method, the content and emphasis are significantly different, leading to a low similarity.",2
How can one load a fine-tuned model of DiT from the hub for document image classification?,"You can load a fine-tuned model of DiT from the hub for document image classification using the following code:  
   
```python  
from transformers import AutoModelForImageClassification  
model = AutoModelForImageClassification.from_pretrained(""microsoft/dit-base-finetuned-rvlcdip"")  
```  
   
This particular checkpoint was fine-tuned on RVL-CDIP, an important benchmark for document image classification.","To load a fine-tuned model of DiT from the hub for document image classification, you can use the following code:

```python
from transformers import AutoModelForImageClassification
model = AutoModelForImageClassification.from_pretrained(""microsoft/dit-base-finetuned-rvlcdip"")
```

This will load the fine-tuned model that was trained on the RVL-CDIP dataset for document image classification.",2.7766342163085938,"The predicted answer is almost identical in both content and meaning to the correct answer. It provides the same code and mentions the same model and dataset used for fine-tuning. Therefore, it is completely similar to the correct answer.",5
How does the tokenization procedure impact a model's perplexity?,"The tokenization procedure has a direct impact on a model's perplexity because perplexity is defined as the exponentiated average negative log-likelihood of a sequence. Since the log-likelihood is calculated for each token in the sequence, the way the sequence is tokenized will affect the likelihoods and thus the perplexity. This should always be taken into consideration when comparing different models.","The tokenization procedure has a direct impact on a model's perplexity because it determines how the text is segmented into tokens. This affects the model's ability to predict the likelihood of token sequences. For example, if the tokenization is suboptimal—such as attaching punctuation to words or not breaking down contractions properly—the model may have to learn different representations for words based on their various forms (like ""don't"" as one token rather than breaking it down to ""do"" and ""n't""). This increases the number of representations the model needs to learn, which can complicate its predictions.

Moreover, the choice of tokenization affects the number of tokens that can be processed, especially with models that have fixed lengths. If a sequence exceeds the maximum input size, the model might approximate the likelihood of tokens based on only a limited number of preceding tokens instead of the entire context. This can lead to suboptimal evaluations of perplexity when the evaluation is done on disjoint chunks of sequences rather than considering the complete context of the text. Therefore, a well-considered tokenization strategy is crucial for accurate perplexity measurement and the overall performance of a language model.",5.796243190765381,"The predicted answer captures the essence of the correct answer by explaining how tokenization affects a model's perplexity in detail. While both answers discuss the direct impact of tokenization on perplexity, the predicted answer provides additional examples and considerations regarding tokenization strategies. Therefore, the meanings are highly similar, warranting a high rating.",5
What change has been made regarding Falcon models on the Hugging Face Hub?,"Falcon models were initially added to the Hugging Face Hub as custom code checkpoints. However, Falcon is now fully supported in the Transformers library.","Falcon models were initially added to the Hugging Face Hub as custom code checkpoints. However, they are now fully supported in the Transformers library. This means that if you fine-tuned a model from a custom code checkpoint, it is recommended to convert your checkpoint to the new in-library format for significant improvements in stability and performance.",2.66573429107666,"The predicted answer closely mirrors the correct answer, retaining the key points and overall meaning. It provides additional context about fine-tuning, which enhances understanding without altering the core information. Therefore, it is mostly similar to the correct answer.",4
Why doesn't AWQ quantize all the weights in a model?,AWQ doesn't quantize all the weights in a model because it preserves a small percentage of weights that are important for LLM performance. This significantly reduces quantization loss such that you can run models in 4-bit precision without experiencing any performance degradation.,"AWQ doesn't quantize all the weights in a model because it aims to preserve a small percentage of weights that are important for LLM performance. This selective quantization significantly reduces quantization loss, allowing models to run in 4-bit precision without experiencing any performance degradation. Keeping certain weights unquantized helps maintain the model's overall effectiveness while still benefiting from reduced memory usage and faster loading times.",2.604260206222534,"The predicted answer conveys the same key ideas and information as the correct answer, discussing the preservation of important weights for performance and the benefits of selective quantization. The details may vary slightly, but the core meaning and rationale are equivalent, leading to a high similarity rating.",5
How is the performance of the distilled model evaluated?,"The performance of the distilled model is evaluated using the compute_metrics function, which computes the accuracy and F1 score of the model on the test set. Specifically, the accuracy is calculated by comparing the model's predictions to the true labels. During the training process, this function is used to assess the model's performance, and the final evaluation is conducted on the test set using the trainer.evaluate(processed_datasets[""test""]) method. The distilled model achieved 72 percent accuracy on the test set.","The performance of the distilled model is evaluated by testing it on a test set and measuring its accuracy. In the provided context, the distilled model reached 72 percent accuracy on the test set. There is also a comparison made with MobileNet trained from scratch on the same dataset, which achieved 63 percent accuracy.",2.0224289894104004,"The predicted answer mentions evaluating the distilled model's performance by testing it on a test set and achieving 72 percent accuracy, which is a key point in the correct answer. However, it lacks details about the 'compute_metrics' function and does not reference the F1 score. The mention of a comparison with MobileNet introduces new information not found in the correct answer. Overall, the predicted answer captures the essence of the evaluation but leaves out significant details, meriting a somewhat similar rating.",3
What is Grouped Query Attention and how is it used in StarCoder2?,"Grouped Query Attention is a technique used in the StarCoder2 models. All models in the StarCoder2 family utilize this technique, although the text does not provide detailed specifics on its implementation or functionality.","The context provided does not include specific information about what Grouped Query Attention is or how it is used in StarCoder2. Therefore, I don't know the answer to your query.",2.4910430908203125,"The predicted answer indicates uncertainty and lacks any similarity to the correct answer, which defines Grouped Query Attention and its relation to StarCoder2. Therefore, the two answers are not at all similar.",1
What temperature range is considered good for a GPU under heavy load?,"'s hard to tell the exact best temperature to strive for when a GPU is heavily loaded, but probably anything under +80C is good, but lower is better - perhaps 70-75C is an excellent range to be in.","The temperature range considered good for a GPU under heavy load is between 70-75°C, with anything under 80°C also being acceptable.",1.7461917400360107,"The predicted answer accurately reflects the temperature range recommended in the correct answer, and it retains the key information regarding the acceptable upper limit; therefore, it is mostly similar.",4
What is LSH attention and how does it work in the Reformer model?,"LSH attention in the Reformer model works by focusing only on the largest elements in the softmax(QK^t) matrix, which are the most useful contributions. For each query  q in Q , only the keys  k  in K  that are close to  q  are considered. A hash function is used to determine if q  and k  are close. The attention mask is modified to mask the current token (except at the first position) to prevent the query and key from being equal. Since the hash can be somewhat random, several hash functions (determined by a n_rounds parameter) are used and averaged together.","LSH attention, or Locality-Sensitive Hashing attention, is a technique used in the Reformer model to improve the efficiency of the attention mechanism. Traditional attention mechanisms in transformer models compute attention scores over all tokens in the sequence, resulting in a computational complexity of O(L^2), where L is the length of the sequence. This can be prohibitively costly, especially for long sequences.

In the Reformer model, LSH attention alters this by only considering a subset of the keys that are close to each query, which significantly reduces the complexity to O(L log(L)). It works by using a hash function to determine if a query and a key are close to each other. For each query \( q \) in the set of queries \( Q \), LSH attention only retrieves the keys \( k \) in the set of keys \( K \) that have been identified as close to \( q \) based on the locality-sensitive hashing. This means that instead of calculating the attention scores for all keys, it focuses only on those deemed relevant, making it much more efficient.

Additionally, the attention mask is modified to prevent a token from attending to itself (except for the first position), as the query and key would be identical in such cases.

Overall, LSH attention allows the Reformer model to maintain high performance while being more memory-efficient and faster on long sequences compared to traditional transformer models that use full attention.",5.615747928619385,"The predicted answer accurately captures the essence of LSH attention in the Reformer model, discussing its efficiency improvements and methods used, which aligns well with the correct answer. There are minor differences in detail, but overall, the two answers are mostly similar in meaning.",4
What is the key modification made to the typical PyTorch training loop when using Huggingface  Accelerate?,The key modification made to the typical PyTorch training loop when using Huggingface Accelerate is to replace the standard `loss.backward()` call with Huggingface Accelerate's `accelerator.backward(loss)` method. This change enables the distributed training functionalities provided by the library.,"The key modification made to the typical PyTorch training loop when using Hugging Face Accelerate is the integration of the `Accelerator` object, which automatically detects the type of distributed setup and initializes all necessary components for training. Users need to pass all relevant training objects (like DataLoaders, model, and optimizer) to the `Accelerator.prepare` method instead of manually managing device placement and training details. This simplifies the process of adapting the training loop for distributed environments.",3.072103977203369,"The predicted answer discusses the integration of the `Accelerator` object and its functionalities for distributed training, while the correct answer specifically mentions replacing `loss.backward()` with `accelerator.backward(loss)`. Both focus on modifications to the PyTorch training loop, but the predicted answer diverges in its details, resulting in some similarity but not complete equivalence.",3
What additional information is provided in the ENVIRONMENT INFORMATION section of the benchmark results?,"The ENVIRONMENT INFORMATION section of the benchmark results provides the following additional information:  
   
- `transformers_version`  
- `framework`  
- `use_torchscript` (for PyTorch) or `use_xla` (for TensorFlow)  
- `framework_version`  
- `python_version`  
- `system`  
- `cpu`  
- `architecture`  
- `date`  
- `time`  
- `fp16`  
- `use_multiprocessing`  
- `only_pretrain_model`  
- `cpu_ram_mb`  
- `use_gpu`  
- `num_gpus`  
- `gpu`  
- `gpu_ram_mb`  
- `gpu_power_watts`  
- `gpu_performance_state`  
- `use_tpu`","The ENVIRONMENT INFORMATION section of the benchmark results provides relevant information about the computing environment, such as the GPU type, the system, and the library versions.",1.7463047504425049,"The predicted answer mentions some components related to the ENVIRONMENT INFORMATION section, such as GPU type and system, but it does not include the detailed list of additional information present in the correct answer. Therefore, it is somewhat similar but lacks completeness.",3
How can you sync a forked repository with the upstream main branch without creating unnecessary notifications?,"When updating the main branch of a forked repository, please follow these steps to avoid pinging the upstream repository which adds reference notes to each upstream PR, and sends unnecessary notifications to the developers involved in these PRs.  
   
When possible, avoid syncing with the upstream using a branch and PR on the forked repository. Instead, merge directly into the forked main. If a PR is absolutely necessary, use the following steps after checking out your branch:  
1. `git checkout -b your-branch-for-syncing`  
2. `git pull --squash --no-commit upstream main`  
3. `git commit -m '<your message without GitHub references>'`  
4. `git push --set-upstream origin your-branch-for-syncing`","To sync a forked repository with the upstream main branch without creating unnecessary notifications, you should avoid syncing using a branch and PR on the forked repository. Instead, follow these steps:

1. **Merge directly into your forked main branch** without creating a pull request.
2. **Use the following commands**:
   - Checkout your main branch: `git checkout main`
   - Fetch the upstream changes: `git fetch upstream`
   - Merge the upstream main branch into your forked main: `git merge upstream/main`

By doing this, you prevent unnecessary notifications that would occur with pull requests.",2.575925827026367,"The predicted answer provides a similar approach to syncing a forked repository with the upstream main, emphasizing the importance of avoiding pull requests to prevent unnecessary notifications. However, the specific commands and steps differ from those in the correct answer, leading to some discrepancies in content and detail.",4
What types of token masking are mentioned for DataCollatorForLanguageModeling?,"The types of token masking mentioned for DataCollatorForLanguageModeling are:  
- numpy_mask_tokens  
- tf_mask_tokens  
- torch_mask_tokens","The types of token masking mentioned for DataCollatorForLanguageModeling are numpy_mask_tokens, tf_mask_tokens, and torch_mask_tokens.",1.5560569763183594,"The predicted answer lists the same types of token masking mentioned in the correct answer without any differences in meaning or content, therefore it is completely similar.",5
Which abstract class should decoder-based models inherit from for ONNX export?,Decoder-based models inherit from [~onnx.config.OnnxConfigWithPast].,Decoder-based models should inherit from `onnx.config.OnnxConfigWithPast` for ONNX export.,2.4347031116485596,"The predicted answer closely resembles the correct answer, offering the same essential information about the inheritance of decoder-based models from the specific ONNX class. The phrasing is slightly different, but the meanings are equivalent, warranting a high similarity rating.",5
How does the Audio Spectrogram Transformer model differ from traditional audio classification models?,"The Audio Spectrogram Transformer (AST) model differs from traditional audio classification models by being purely attention-based and convolution-free. Traditional models often use convolutional neural networks (CNNs) as the main building block, sometimes with an added self-attention mechanism on top to capture long-range global context. The AST, however, does not rely on CNNs at all and instead uses a Vision Transformer applied to audio by turning audio into a spectrogram, achieving state-of-the-art results for audio classification.","The Audio Spectrogram Transformer (AST) model differs from traditional audio classification models primarily in that it is a convolution-free, purely attention-based model. Traditional models typically rely on convolutional neural networks (CNNs) as the main building block for audio classification, where they learn a direct mapping from audio spectrograms to labels. AST moves away from the reliance on CNNs and instead utilizes a Vision Transformer architecture, applying attention mechanisms directly to the audio converted into image format (spectrograms). This approach allows AST to better capture long-range global context in the audio data, achieving state-of-the-art results in various audio classification benchmarks.",3.5154948234558105,"The predicted answer is very similar to the correct answer, capturing the main points about the AST model being attention-based and convolution-free while also discussing the differences with traditional models. The meaning and intent are preserved, but there are some differences in phrasing and additional details included in the predicted answer.",5
Are there any specific requirements for running the PyTorch version of the BridgeTower model?,"Yes, the PyTorch version of the BridgeTower model is only available in torch 1.10 and higher.","Yes, the PyTorch version of the BridgeTower model requires PyTorch version 1.10 or higher. Additionally, it is important to set the `torch_dtype` parameter to a floating data type or to ""auto"" to optimize memory usage.",2.0581870079040527,"The predicted answer conveys the same essential requirement of needing PyTorch version 1.10 or higher, which is directly aligned with the correct answer. However, it includes additional details about optimizing memory usage, which is not present in the correct answer. This means the predicted answer is mostly similar but not completely equivalent to the correct answer.",4
What kind of tokenization method does CPM use?,"CPM's architecture is the same as GPT-2, except for tokenization method.","CPM's architecture is the same as GPT-2, except for the tokenization method. However, the specific tokenization method used by CPM is not detailed in the provided context.",2.49594783782959,"The predicted answer restates the correct answer very closely but adds information that the specific tokenization method is not detailed, which slightly diverges from the original meaning. Therefore, it is considered mostly similar.",4
How many additional training steps were performed on UL2 20B before applying Flan instruction tuning?,An additional 100k steps were performed on UL2 20B before applying Flan instruction tuning.,An additional 100k steps were performed on UL2 20B before applying Flan instruction tuning.,1.6133637428283691,"The predicted answer is exactly the same as the correct answer, indicating a complete similarity in meaning.",5
What is the Segment Anything Model (SAM)?,"The Segment Anything Model (SAM) is a powerful model that supports the mask generation task. It consists of a Vision Transformer-based image encoder, a prompt encoder, and a two-way transformer mask decoder. SAM is trained on a large dataset called SA-1B, which contains 1 million images and 1.1 billion masks. It serves as a powerful foundation model for segmentation due to its large data coverage.","The Segment Anything Model (SAM) is a state-of-the-art model for image segmentation, designed to predict segmentation masks of any object of interest in an input image. It was proposed in the Segment Anything project, which introduced a new task, model, and dataset for image segmentation. SAM is trained on the largest segmentation dataset to date, known as SA-1B, which contains over 1 billion masks on 11 million licensed and privacy-respecting images.

SAM is designed to be promptable, meaning it can transfer to new image distributions and tasks with zero-shot performance. Its capabilities have been evaluated on numerous tasks, often yielding impressive results that are competitive with or superior to prior fully supervised methods. The model consists of a Vision Transformer-based image encoder, a prompt encoder, and a two-way transformer mask decoder, which work together to generate valid masks from the encoded images and prompts. SAM's development aims to foster research into foundation models for computer vision.",4.812706232070923,"The predicted answer provides a detailed description of SAM, touching on its purpose, features, and the dataset it was trained on. While it differs in phrasing and some specific details, the core information about SAM's architecture and function remains similar to the correct answer. Therefore, the predicted answer is mostly similar to the correct answer.",4
