Question,Answer,Response Time (s)
What are the key differences between `CodeAgent` and `ReactAgent`?,"The key differences between `CodeAgent` and `ReactAgent` are as follows:

1. **Execution Style**:
   - **CodeAgent**: Acts in one shot, generating code to solve the task and then executing it at once.
   - **ReactAgent**: Acts step by step, where each step consists of one thought followed by one tool call and execution.

2. **Types**:
   - The `ReactAgent` has two specific classes:
     - **ReactJsonAgent**: Generates tool calls as JSON.
     - **ReactCodeAgent**: Generates tool calls as blobs of Python code, which is suited for LLMs with strong coding performance.

In summary, `CodeAgent` is more direct and executes in one go, while `ReactAgent` is more iterative, allowing for reasoning and decision-making at each step.",3.2110679149627686
How does the `generate` method work in different modalities?,"The `generate` method works differently depending on the task or modality being used. In general, it can be parameterized to control its behavior. Here are a few key points about how it functions in different contexts:

1. **Default Behavior**: By default, the `generate` method uses greedy decoding, which selects the most likely token at each iteration. This approach can lead to repetitive output, as shown in the example where, when using greedy decoding, the output was ""I am a cat. I am a cat. I am a cat. I am a cat.""

2. **Sampling for Creativity**: For creative tasks like chatbots or writing essays, it can be beneficial to enable sampling by setting `do_sample=True`. This leads to more varied and interesting outputs. For example, when sampling was enabled, the output changed to something more creative: ""I am a cat. Specifically, I am an indoor-only cat.""

3. **Task-Specific Needs**: Different tasks may benefit from different generation strategies. Input-grounded tasks, such as audio transcription or translation, typically work better with greedy decoding, while more creative tasks benefit from sampling.

4. **Batch Processing**: The `generate` method can also handle batched inputs, which can improve throughput without significantly increasing latency or memory usage. Proper padding of inputs is necessary when processing batches.

5. **Configuration Options**: The behavior of the `generate` method can be adjusted using various generation parameters, which can be managed through a `GenerationConfig` class instance.

In summary, the `generate` method can adapt to different modalities by adjusting its decoding strategies, allowing for specific optimizations based on the task requirements.",6.528932094573975
How can one load a fine-tuned model of DiT from the hub for document image classification?,"One can load a fine-tuned model of DiT from the hub for document image classification using the following code:

```python
from transformers import AutoModelForImageClassification
model = AutoModelForImageClassification.from_pretrained(""microsoft/dit-base-finetuned-rvlcdip"")
```

This particular checkpoint was fine-tuned on the RVL-CDIP dataset, which is an important benchmark for document image classification.",2.051929235458374
How does the tokenization procedure impact a model's perplexity?,"The tokenization procedure has a direct impact on a model's perplexity because it affects how the sequences are processed and evaluated by the model. Since perplexity is defined based on the log-likelihood of each token conditioned on the preceding tokens, the way in which a sequence is tokenized can change the values of these probabilities.

When comparing different models, it is crucial to consider the tokenization method used, as variations in tokenization can lead to different perplexity scores even when evaluating the same text. This is important because perplexity should be a standardized measure for fair comparisons, but differences in how sequences are tokenized can introduce variability that may not accurately reflect the models' true performance.",2.8654472827911377
What change has been made regarding Falcon models on the Hugging Face Hub?,"Falcon models were initially added to the Hugging Face Hub as custom code checkpoints. However, Falcon is now fully supported in the Transformers library.",1.7855710983276367
Why doesn't AWQ quantize all the weights in a model?,"AWQ doesn't quantize all the weights in a model because it preserves a small percentage of weights that are important for the performance of large language models (LLMs). This approach significantly reduces quantization loss, allowing models to run in 4-bit precision without experiencing any performance degradation.",5.384096145629883
How is the performance of the distilled model evaluated?,"The performance of the distilled model is evaluated on the test set. In the context provided, the specific evaluation mentioned indicates that the model reaches 72 percent accuracy on the test set. Additionally, to assess the efficiency of distillation, the performance of MobileNet trained from scratch on the same dataset is compared, which yields a 63 percent accuracy on the test set.",2.251807928085327
What is Grouped Query Attention and how is it used in StarCoder2?,"Grouped Query Attention (GQA) is an architectural innovation proposed to improve the efficiency of attention mechanisms in large language models (LLMs). It focuses on optimizing the use of query key-value projections in attention heads, allowing for significant memory and speed gains while maintaining model performance.

In GQA, instead of using a single key-value projection weight for the attention mechanism, multiple (n < n_head) key-value projection weights are used. This means that fewer weights are employed, such as 2, 4, or 8, which helps retain most of the benefits of efficiency that Multi-Query Attention (MQA) offers, while sacrificing less model capacity and thus potentially less performance. Additionally, existing model checkpoints can be uptrained to incorporate GQA with only about 5% of the original pre-training compute, enabling these models to handle longer input sequences effectively.

In the context of StarCoder2, GQA is utilized as part of the model's architecture to enhance its performance and efficiency in processing long code inputs. StarCoder2 models leverage this innovation along with other architectural advancements to optimize autoregressive text generation.",3.802710771560669
What temperature range is considered good for a GPU under heavy load?,"The good temperature range for a GPU under heavy load is probably anything under +80C, with lower being better, and 70-75C being an excellent range to be in.",2.1367199420928955
What is LSH attention and how does it work in the Reformer model?,"LSH attention, or Local-Sensitive Hashing attention, is a technique used in the Reformer model to make the attention mechanism more efficient. In traditional attention mechanisms, the computation involves a full attention matrix, which can be a significant computational bottleneck, especially for long texts.

In LSH attention, instead of computing the full product of the query and key matrices (QK^t), the Reformer model only considers the biggest elements in this matrix, which are likely to contribute useful information. For each query \( q \) in \( Q \), the model considers only the keys \( k \) in \( K \) that are close to \( q \). This closeness is determined using a hash function that identifies which keys are likely to be relevant to the query.

Additionally, the attention mask is modified to mask the current token (except at the first position) since a token would query itself, leading to very high similarity. Multiple hash functions are used to ensure more reliable performance, with these hashes being averaged together in practice. This approach significantly reduces the computational complexity and memory usage of the attention mechanism in the Reformer model.",4.512810945510864
