question,groundtruth_answer,actual_answer,response_time_s,explanation,stars
What are the key differences between `CodeAgent` and `ReactAgent`?,"The key differences between `CodeAgent` and `ReactAgent` are:  
   
1. **Execution Method**:  
   - `CodeAgent`: Executes in one shot. It generates the code to solve the task and executes it all at once.  
   - `ReactAgent`: Operates step by step. Each step consists of one thought, followed by one tool call and execution.  
   
2. **Types of `ReactAgent`**:  
   - `ReactJsonAgent`: Writes its tool calls in JSON.  
   - `ReactCodeAgent`: Writes its tool calls in Python code.   
  
These differences highlight the approach and granularity with which each agent type handles tasks and tool executions.","Based on the provided context, the key differences between `CodeAgent` and `ReactAgent` are:

* `CodeAgent` acts in one shot, generating code to solve the task, then executes it at once.
* `ReactAgent`, on the other hand, acts step by step, with each step consisting of one thought, then one tool call, and execution.

In other words, `CodeAgent` generates a single codeblock to solve the task, while `ReactAgent` generates a series of tool calls and executes them in a step-by-step manner.",4.192568063735962,"The predicted answer accurately captures the main ideas of the correct answer, specifically the execution methods of both `CodeAgent` and `ReactAgent`. However, it does not mention the types of `ReactAgent`, which are also important differences. Thus, the predicted answer is mostly similar to the correct answer, but not completely exhaustive.",4
How does the `generate` method work in different modalities?,"The `generate` method works differently in various modalities by relying on the specific inputs provided by the model's preprocessor class. The inputs to the `generate` method depend on the model's modality, and they are returned by the model's preprocessor class, such as `AutoTokenizer` or `AutoProcessor`. If a model's preprocessor creates more than one kind of input, all the inputs should be passed to the `generate` method. This ensures that the method can produce appropriate text outputs for different tasks, such as text summarization, image captioning, and audio transcription.","The `generate` method works differently in different modalities. For input-grounded tasks like audio transcription or translation, greedy decoding is beneficial, whereas for creative tasks like chatbots or writing an essay, sampling (enabled with `do_sample=True`) is more suitable. 

Additionally, the `generate` method can be parameterized with a `GenerationConfig` class instance, which controls the behavior of the generation method, and can be inspected, updated, and saved for different models and frameworks (PyTorch, TensorFlow, Flax).",3.487370014190674,"The predicted answer discusses the `generate` method in terms of its application in different modalities and specific inputs for various tasks, which aligns with the correct answer's focus on modality-specific behavior. However, the predicted answer does not mention that inputs are provided by the model's preprocessor class, which is a key aspect of the correct answer. Overall, they are somewhat similar but not fully equivalent in covering all the details.",3
How can one load a fine-tuned model of DiT from the hub for document image classification?,"You can load a fine-tuned model of DiT from the hub for document image classification using the following code:  
   
```python  
from transformers import AutoModelForImageClassification  
model = AutoModelForImageClassification.from_pretrained(""microsoft/dit-base-finetuned-rvlcdip"")  
```  
   
This particular checkpoint was fine-tuned on RVL-CDIP, an important benchmark for document image classification.","To load a fine-tuned model of DiT from the hub for document image classification, you can use the following code:

```python
from transformers import AutoModelForImageClassification
model = AutoModelForImageClassification.from_pretrained(""microsoft/dit-base-finetuned-rvlcdip"")
```

This will load the fine-tuned model checkpoint on RVL-CDIP, which is an important benchmark for document image classification.",2.990941047668457,"The predicted answer is almost identical to the correct answer in terms of content, code, and description. It provides the same code snippet and context, making it fully compatible in meaning. Therefore, it receives the highest rating.",5
How does the tokenization procedure impact a model's perplexity?,"The tokenization procedure has a direct impact on a model's perplexity because perplexity is defined as the exponentiated average negative log-likelihood of a sequence. Since the log-likelihood is calculated for each token in the sequence, the way the sequence is tokenized will affect the likelihoods and thus the perplexity. This should always be taken into consideration when comparing different models.","According to the text, the tokenization procedure has a ""direct impact"" on a model's perplexity, which means that when comparing different models, the tokenization procedure should always be taken into consideration.",2.286989212036133,"The predicted answer captures the essence of the correct answer by mentioning that the tokenization procedure has a direct impact on perplexity and should be considered when comparing models. However, it lacks detail on how tokenization affects likelihoods and doesn't fully define perplexity, so it is somewhat similar but not completely equivalent.",3
What change has been made regarding Falcon models on the Hugging Face Hub?,"Falcon models were initially added to the Hugging Face Hub as custom code checkpoints. However, Falcon is now fully supported in the Transformers library.","Falcon models were initially added to the Hugging Face Hub as custom code checkpoints, but they are now fully supported in the Transformers library.",1.6324207782745361,"The predicted answer has almost identical wording and conveys the same meaning as the correct answer, with only slight variations in phrasing. Therefore, it is rated as completely similar.",5
Why doesn't AWQ quantize all the weights in a model?,AWQ doesn't quantize all the weights in a model because it preserves a small percentage of weights that are important for LLM performance. This significantly reduces quantization loss such that you can run models in 4-bit precision without experiencing any performance degradation.,"According to the provided context, Activation-aware Weight Quantization (AWQ) doesn't quantize all the weights in a model because it preserves a small percentage of weights that are important for LLM performance, which significantly reduces quantization loss.",2.1840128898620605,"The predicted answer conveys the same meaning and key points as the correct answer, emphasizing the reason AWQ doesn't quantize all weights and mentioning the preservation of important weights and reduction in quantization loss. Therefore, the predicted answer is completely similar to the correct answer.",5
How is the performance of the distilled model evaluated?,"The performance of the distilled model is evaluated using the compute_metrics function, which computes the accuracy and F1 score of the model on the test set. Specifically, the accuracy is calculated by comparing the model's predictions to the true labels. During the training process, this function is used to assess the model's performance, and the final evaluation is conducted on the test set using the trainer.evaluate(processed_datasets[""test""]) method. The distilled model achieved 72 percent accuracy on the test set.","According to the text, the performance of the distilled model is evaluated using the test set, and the accuracy is measured as 72 percent. Additionally, it is compared to the performance of the teacher model (ViT, LeViT, etc.) and the student model (e.g. MobileNet) trained from scratch, in order to check the efficiency of distillation.",3.174604892730713,"The predicted answer shares some similarities with the correct answer, such as mentioning the evaluation of the distilled model's performance using the test set and the accuracy being 72 percent. However, it also introduces additional information about comparing with other models, which is not present in the correct answer. This suggests that the predicted answer is somewhat similar but not fully aligned with the correct information.",3
What is Grouped Query Attention and how is it used in StarCoder2?,"Grouped Query Attention is a technique used in the StarCoder2 models. All models in the StarCoder2 family utilize this technique, although the text does not provide detailed specifics on its implementation or functionality.","According to the context documents, Grouped Query Attention (GQA) is a variation of the multi-query attention (MQA) mechanism that allows for more efficient inference in large language models (LLMs). GQA proposes using multiple key-value projection weights (n < n_head) instead of just a single one, which can help retain most of the memory and speed gains from MQA while sacrificing less model capacity and performance.

In the context of StarCoder2, Grouped Query Attention is used in all three model sizes (3B, 7B, and 15B parameters), allowing for efficient inference with a context window of 16,384 tokens and a sliding window attention of 4,096 tokens.",5.53071403503418,"The predicted answer provides detailed information about Grouped Query Attention, including its relation to multi-query attention, efficiencies gained, and specifics about its use in StarCoder2 models. However, it diverges from the correct answer by introducing additional technical details that are not mentioned in the correct answer. The predicted answer is somewhat similar but not equivalent in meaning, hence I rated it a 3.",3
What temperature range is considered good for a GPU under heavy load?,"'s hard to tell the exact best temperature to strive for when a GPU is heavily loaded, but probably anything under +80C is good, but lower is better - perhaps 70-75C is an excellent range to be in.","According to the context, a good temperature range for a GPU under heavy load is under +80C, with 70-75C being an excellent range.",1.7388417720794678,"The predicted answer conveys the same essential information as the correct answer, indicating that a GPU under heavy load should ideally be below +80C, with 70-75C being the optimal range. Therefore, it is mostly similar to the correct answer.",4
What is LSH attention and how does it work in the Reformer model?,"LSH attention in the Reformer model works by focusing only on the largest elements in the softmax(QK^t) matrix, which are the most useful contributions. For each query  q in Q , only the keys  k  in K  that are close to  q  are considered. A hash function is used to determine if q  and k  are close. The attention mask is modified to mask the current token (except at the first position) to prevent the query and key from being equal. Since the hash can be somewhat random, several hash functions (determined by a n_rounds parameter) are used and averaged together.","LSH (Local-Sensitive Hashing) attention is a technique used in the Reformer model to make attention more efficient. It works by only considering the keys in K that are close to the query q in Q, rather than computing the full product query-key.

Here's how it works: a hash function is used to determine if a query q and a key k are close. The attention mask is modified to mask the current token (except at the first position), because it will give a query and a key that are equal (so very similar to each other). Since the hash can be a bit random, several hash functions are used in practice (determined by a n_rounds parameter) and then are averaged together.

This allows the model to focus only on the most relevant keys for each query, rather than computing the full attention matrix, which can be a big computational bottleneck for long texts.",7.17243504524231,"The predicted answer captures the main ideas of the correct answer by mentioning LSH attention, its efficiency, the use of hash functions, and the construction of the attention mask. However, it lacks some specific details present in the correct answer. Overall, the two answers are mostly similar, meriting a high score.",4
What is the key modification made to the typical PyTorch training loop when using Huggingface  Accelerate?,The key modification made to the typical PyTorch training loop when using Huggingface Accelerate is to replace the standard `loss.backward()` call with Huggingface Accelerate's `accelerator.backward(loss)` method. This change enables the distributed training functionalities provided by the library.,"The key modification made to the typical PyTorch training loop when using Huggingface Accelerate is passing all the relevant training objects (DataLoaders, model, and optimizer) to the `accelerator.prepare` method, and then using the `accelerator` object to manage the training loop. This allows the training loop to be run in a distributed environment with minimal modifications to the typical PyTorch training loop.",3.6895642280578613,"The predicted answer describes a different key modification related to using Huggingface Accelerate, focusing on passing training objects to the `accelerator.prepare` method rather than the change to `loss.backward()`. While both answers relate to modifications in using Huggingface Accelerate, they do not convey the same information, resulting in a moderate similarity.",3
What additional information is provided in the ENVIRONMENT INFORMATION section of the benchmark results?,"The ENVIRONMENT INFORMATION section of the benchmark results provides the following additional information:  
   
- `transformers_version`  
- `framework`  
- `use_torchscript` (for PyTorch) or `use_xla` (for TensorFlow)  
- `framework_version`  
- `python_version`  
- `system`  
- `cpu`  
- `architecture`  
- `date`  
- `time`  
- `fp16`  
- `use_multiprocessing`  
- `only_pretrain_model`  
- `cpu_ram_mb`  
- `use_gpu`  
- `num_gpus`  
- `gpu`  
- `gpu_ram_mb`  
- `gpu_power_watts`  
- `gpu_performance_state`  
- `use_tpu`","According to the text, the ENVIRONMENT INFORMATION section of the benchmark results provides information about the computing environment, including:

* GPU type
* System
* Library versions
* etc. (implying there may be additional environmental information provided, but not specified)",2.6018450260162354,"The predicted answer mentions the ENVIRONMENT INFORMATION section and includes categories such as GPU type, System, and Library versions, which are broadly related to the correct answer, but lacks specific details and additional categories like `transformers_version`, `use_torchscript`, etc. Overall, it is somewhat similar to the correct answer but misses many specifics.",3
How can you sync a forked repository with the upstream main branch without creating unnecessary notifications?,"When updating the main branch of a forked repository, please follow these steps to avoid pinging the upstream repository which adds reference notes to each upstream PR, and sends unnecessary notifications to the developers involved in these PRs.  
   
When possible, avoid syncing with the upstream using a branch and PR on the forked repository. Instead, merge directly into the forked main. If a PR is absolutely necessary, use the following steps after checking out your branch:  
1. `git checkout -b your-branch-for-syncing`  
2. `git pull --squash --no-commit upstream main`  
3. `git commit -m '<your message without GitHub references>'`  
4. `git push --set-upstream origin your-branch-for-syncing`","According to the Context section, to sync a forked repository with the upstream main branch without creating unnecessary notifications, it's recommended to merge directly into the forked main branch instead of using a branch and PR on the forked repository.",2.5144031047821045,"The predicted answer provides a condensed guideline similar to the correct answer but lacks specific steps and details. It captures the main idea of merging directly into the forked main branch but omits other important instructions and nuances mentioned in the correct answer. Therefore, it is somewhat similar but not comprehensive.",3
What types of token masking are mentioned for DataCollatorForLanguageModeling?,"The types of token masking mentioned for DataCollatorForLanguageModeling are:  
- numpy_mask_tokens  
- tf_mask_tokens  
- torch_mask_tokens","According to the context, for DataCollatorForLanguageModeling, the following types of token masking are mentioned:

1. numpy_mask_tokens
2. tf_mask_tokens
3. torch_mask_tokens",2.360102891921997,"The predicted answer lists the same types of token masking as the correct answer, using similar wording and formatting. Therefore, the information is completely similar.",5
Which abstract class should decoder-based models inherit from for ONNX export?,Decoder-based models inherit from [~onnx.config.OnnxConfigWithPast].,"According to the text, decoder-based models should inherit from the abstract class `~onnx.config.OnnxConfigWithPast`.",1.80818510055542,"The predicted answer provides essentially the same information as the correct answer, stating that decoder-based models should inherit from the same abstract class, albeit with slightly different wording ('According to the text' vs. the straightforward assertion in the correct answer). The meanings are equivalent, leading to a high similarity rating.",5
How does the Audio Spectrogram Transformer model differ from traditional audio classification models?,"The Audio Spectrogram Transformer (AST) model differs from traditional audio classification models by being purely attention-based and convolution-free. Traditional models often use convolutional neural networks (CNNs) as the main building block, sometimes with an added self-attention mechanism on top to capture long-range global context. The AST, however, does not rely on CNNs at all and instead uses a Vision Transformer applied to audio by turning audio into a spectrogram, achieving state-of-the-art results for audio classification.","The Audio Spectrogram Transformer (AST) model differs from traditional audio classification models in that it is a convolution-free, purely attention-based model. Unlike traditional models which rely on convolutional neural networks (CNNs) as the main building block, the AST model applies a Vision Transformer to audio by turning audio into an image (spectrogram) and uses self-attention mechanisms to capture long-range global context. This makes it a unique and distinct approach from traditional CNN-based models.",3.510143995285034,"The predicted answer captures the key differences between the Audio Spectrogram Transformer and traditional audio classification models, specifically emphasizing the convolution-free and attention-based aspects. While there are slight variations in wording, the core meaning and details are very similar, warranting a high rating.",5
Are there any specific requirements for running the PyTorch version of the BridgeTower model?,"Yes, the PyTorch version of the BridgeTower model is only available in torch 1.10 and higher.","According to the Context section, the PyTorch version of the BridgeTower model is only available in torch 1.10 and higher.",2.2985429763793945,"The predicted answer contains the same essential information as the correct answer and retains its meaning while providing a context reference, indicating a high degree of similarity.",5
What kind of tokenization method does CPM use?,"CPM's architecture is the same as GPT-2, except for tokenization method.","CPM uses a different tokenization method compared to GPT-2, but the specific details of the tokenization method used by CPM are not mentioned in the provided context.",2.334988832473755,"The predicted answer mentions that CPM uses a different tokenization method compared to GPT-2 and acknowledges the lack of specific details, which is somewhat aligned with the correct answer that states CPM's architecture is the same as GPT-2 except for the tokenization method. However, the predicted answer does not mention that the architecture is the same, which would have made it more similar. Therefore, the similarity is moderate.",3
How many additional training steps were performed on UL2 20B before applying Flan instruction tuning?,An additional 100k steps were performed on UL2 20B before applying Flan instruction tuning.,"According to the context, 100k additional training steps were performed on UL2 20B before applying Flan instruction tuning.",1.726755142211914,"The predicted answer conveys the same key information as the correct answer, specifying that 100k additional training steps were performed on UL2 20B before applying Flan instruction tuning. The meanings are aligned, indicating a high degree of similarity.",5
What is the Segment Anything Model (SAM)?,"The Segment Anything Model (SAM) is a powerful model that supports the mask generation task. It consists of a Vision Transformer-based image encoder, a prompt encoder, and a two-way transformer mask decoder. SAM is trained on a large dataset called SA-1B, which contains 1 million images and 1.1 billion masks. It serves as a powerful foundation model for segmentation due to its large data coverage.","The Segment Anything Model (SAM) is a state-of-the-art model for image segmentation. It can predict segmentation masks of any object of interest given an input image and is designed to be promptable, allowing it to transfer zero-shot to new image distributions and tasks. The model consists of a Vision Transformer-based image encoder, a prompt encoder, and a two-way transformer mask decoder, and it has been trained on the SA-1B dataset, which contains 1.1 billion masks on 11 million licensed and privacy-respecting images.",6.318486928939819,"The predicted answer shares significant components with the correct answer, such as the model's name, structure (Vision Transformer-based image encoder, prompt encoder, and two-way transformer mask decoder), and the dataset used (SA-1B). However, there are differences in specific details, like the number of images mentioned. Overall, the predicted answer is mostly similar to the correct answer, justifying a high rating.",4
