question,groundtruth_answer,actual_answer,response_time_s,use_reranker,top_k_rank
What are the key differences between `CodeAgent` and `ReactAgent`?,"The key differences between `CodeAgent` and `ReactAgent` are:  
   
1. **Execution Method**:  
   - `CodeAgent`: Executes in one shot. It generates the code to solve the task and executes it all at once.  
   - `ReactAgent`: Operates step by step. Each step consists of one thought, followed by one tool call and execution.  
   
2. **Types of `ReactAgent`**:  
   - `ReactJsonAgent`: Writes its tool calls in JSON.  
   - `ReactCodeAgent`: Writes its tool calls in Python code.   
  
These differences highlight the approach and granularity with which each agent type handles tasks and tool executions.","The key differences between `CodeAgent` and `ReactAgent` are as follows:

1. **Execution Style**:
   - `CodeAgent`: Acts in one shot, generating code to solve the task and then executing it at once.
   - `ReactAgent`: Acts step by step, with each step consisting of a 'Thought' sequence followed by a 'Code' sequence and an 'Observation' sequence.

2. **Output Format**:
   - `CodeAgent`: Generates code directly in a single execution.
   - `ReactAgent`: Generates intermediate outputs and allows for reflection and adjustments based on observations from previous steps.

3. **Types of ReactAgent**:
   - The `ReactAgent` has two specific classes: `ReactJsonAgent`, which writes tool calls in JSON, and `ReactCodeAgent`, which writes tool calls in Python code.

Overall, while `CodeAgent` focuses on immediate execution of a solution, `ReactAgent` emphasizes a more iterative and reflective approach to problem-solving.",25.295451879501343,True,4
How does the `generate` method work in different modalities?,"The `generate` method works differently in various modalities by relying on the specific inputs provided by the model's preprocessor class. The inputs to the `generate` method depend on the model's modality, and they are returned by the model's preprocessor class, such as `AutoTokenizer` or `AutoProcessor`. If a model's preprocessor creates more than one kind of input, all the inputs should be passed to the `generate` method. This ensures that the method can produce appropriate text outputs for different tasks, such as text summarization, image captioning, and audio transcription.","The provided context does not specify how the `generate` method works in different modalities. It primarily discusses its functionality in generating text outputs, specifically related to models like GPT-2 and their usage for tasks such as chatting and writing. Therefore, I don't know how the `generate` method works in different modalities beyond the information given.",26.005593061447144,True,4
How can one load a fine-tuned model of DiT from the hub for document image classification?,"You can load a fine-tuned model of DiT from the hub for document image classification using the following code:  
   
```python  
from transformers import AutoModelForImageClassification  
model = AutoModelForImageClassification.from_pretrained(""microsoft/dit-base-finetuned-rvlcdip"")  
```  
   
This particular checkpoint was fine-tuned on RVL-CDIP, an important benchmark for document image classification.","To load a fine-tuned model of DiT from the hub for document image classification, you can use the following code:

```python
from transformers import AutoModelForImageClassification
model = AutoModelForImageClassification.from_pretrained(""microsoft/dit-base-finetuned-rvlcdip"")
```

This line of code will load the fine-tuned model that was specifically trained on the RVL-CDIP dataset for document image classification.",27.333078145980835,True,4
How does the tokenization procedure impact a model's perplexity?,"The tokenization procedure has a direct impact on a model's perplexity because perplexity is defined as the exponentiated average negative log-likelihood of a sequence. Since the log-likelihood is calculated for each token in the sequence, the way the sequence is tokenized will affect the likelihoods and thus the perplexity. This should always be taken into consideration when comparing different models.","The tokenization procedure has a direct impact on a model's perplexity because it affects how the model processes and predicts tokens in a sequence. Specifically, different tokenization strategies (such as character-level, word-level, or subword tokenization) determine the set of tokens that the model learns to predict.

For example, character tokenization may lead to a simpler representation, but it makes it harder for the model to learn meaningful input representations, as predicting the context-independent representation for single characters can be more challenging than for complete words. This complexity in learning can consequently affect the model's overall performance and its ability to predict tokens accurately.

Perplexity, defined as the exponentiated average negative log-likelihood of a sequence, relies on how well the model can predict the tokens based on the preceding context. If the tokenization leads to a more complex input structure that the model struggles to learn from, this could result in higher perplexity scores, indicating lower performance. Thus, when comparing models, the choice of tokenization is crucial as it can significantly influence the resulting perplexity measurements.",25.39474320411682,True,4
What change has been made regarding Falcon models on the Hugging Face Hub?,"Falcon models were initially added to the Hugging Face Hub as custom code checkpoints. However, Falcon is now fully supported in the Transformers library.",I don't know.,21.696228981018066,True,4
Why doesn't AWQ quantize all the weights in a model?,AWQ doesn't quantize all the weights in a model because it preserves a small percentage of weights that are important for LLM performance. This significantly reduces quantization loss such that you can run models in 4-bit precision without experiencing any performance degradation.,"AWQ (Activation-aware Weight Quantization) doesn't quantize all the weights in a model because it aims to preserve a small percentage of weights that are important for the performance of large language models (LLMs). This strategy significantly reduces quantization loss, allowing models to be run in 4-bit precision without experiencing any degradation in performance.",30.10106897354126,True,4
How is the performance of the distilled model evaluated?,"The performance of the distilled model is evaluated using the compute_metrics function, which computes the accuracy and F1 score of the model on the test set. Specifically, the accuracy is calculated by comparing the model's predictions to the true labels. During the training process, this function is used to assess the model's performance, and the final evaluation is conducted on the test set using the trainer.evaluate(processed_datasets[""test""]) method. The distilled model achieved 72 percent accuracy on the test set.","The performance of the distilled model is evaluated on the test set, reaching an accuracy of 72 percent. Additionally, a comparison is made by training the MobileNet from scratch on the same dataset with the same hyperparameters, which resulted in 63 percent accuracy on the test set. This comparison helps to assess the efficiency of the distillation process.",29.277618885040283,True,4
What is Grouped Query Attention and how is it used in StarCoder2?,"Grouped Query Attention is a technique used in the StarCoder2 models. All models in the StarCoder2 family utilize this technique, although the text does not provide detailed specifics on its implementation or functionality.","Grouped Query Attention (GQA) is a variation of the attention mechanism used in models, including StarCoder2. In GQA, there are multiple key-value pairs for a single query, which allows for a more efficient handling of attention compared to traditional methods. This approach enables the model to process information more effectively while utilizing GPU memory efficiently.

In StarCoder2, GQA is used as part of its architecture and allows the models, which include sizes of 3B, 7B, and 15B parameters, to handle a context window of 16,384 tokens. GQA contributes to improved performance, particularly in the context of autoregressive text generation, which is the primary use case of the StarCoder2 models.",27.231581211090088,True,4
What temperature range is considered good for a GPU under heavy load?,"'s hard to tell the exact best temperature to strive for when a GPU is heavily loaded, but probably anything under +80C is good, but lower is better - perhaps 70-75C is an excellent range to be in.","A good temperature range for a GPU under heavy load is probably anything under 80°C, but lower is better, with 70-75°C considered an excellent range to be in.",24.36401891708374,True,4
What is LSH attention and how does it work in the Reformer model?,"LSH attention in the Reformer model works by focusing only on the largest elements in the softmax(QK^t) matrix, which are the most useful contributions. For each query  q in Q , only the keys  k  in K  that are close to  q  are considered. A hash function is used to determine if q  and k  are close. The attention mask is modified to mask the current token (except at the first position) to prevent the query and key from being equal. Since the hash can be somewhat random, several hash functions (determined by a n_rounds parameter) are used and averaged together.","LSH attention, or Locality-Sensitive Hashing attention, is a method used in the Reformer model to make the attention mechanism more efficient. In a traditional attention mechanism, the attention matrix is square and fully connects all tokens, which can be computationally intensive, especially with long texts. LSH attention addresses this bottleneck by focusing only on the most relevant key tokens for each query.

The main idea behind LSH attention is that, for each query in the attention mechanism, only the keys that are close to that query will contribute significantly to the output. To determine proximity, a hash function is used. This function groups similar queries and keys together based on their vector representations.

The process involves the following steps:

1. For each query \( q \) in \( Q \), the algorithm identifies keys \( k \) in \( K \) that are close in distance to \( q \) using the hash function.
2. Only the biggest contributions (i.e., the most relevant keys) to the softmax calculation are considered, which reduces the number of computations needed.
3. The attention mask is modified to prevent the current token from attending to itself, except for the first position.

By using multiple hash functions (determined by a parameter called `n_rounds`), the Reformer can average the responses, providing robust attention while significantly speeding up the computations and saving memory.",31.645198822021484,True,4
